DIAS,TRÊS MARIAS,BSM,FORTALEZA,JATOBÁ,ACARÁ DO TAPAJÓS,BUBURÉ,BELA VISTA
1980-01-01,819.741935483871,664.483870967742,556.3578866796727,664.483870967742,653.6660998989473,665.4245402856919,802.4740387101458
1980-02-01,1068.448275862069,897.5862068965517,714.7432540913348,897.5862068965517,860.4726722366136,809.6697530474598,1083.2109524627099
1980-03-01,1225.56501872869,1030.1612903225807,803.8491791319332,1030.1612903225807,977.6609590711247,891.3517301691135,1242.4959725936358
1980-04-01,1025.9666666666667,845.2,678.3143685802509,845.2,813.6268414739792,776.9478060105182,1019.79272716364
1980-05-01,770.1290322580645,626.4193548387096,531.0541173616587,626.4193548387096,620.1433255047959,642.0746782500537,756.8503821141495
1980-06-01,611.9666666666667,476.43333333333334,429.0276227290334,476.43333333333334,487.02559020823185,549.2199807583652,576.1692168159301
1980-07-01,526.2903225806451,405.6774193548387,381.5847475651485,405.6774193548387,424.5318475540257,505.6673943564258,491.2025080650237
1980-08-01,471.5806451612903,355.51612903225805,347.57585374437497,355.51612903225805,380.06191703172425,474.65434598338214,430.8197504135565
1980-09-01,460.1666666666667,346.73333333333335,341.73532289641383,346.73333333333335,372.3261374428163,469.2659678102811,420.2919857630195
1980-10-01,494.64516129032256,380.51612903225805,364.7870095013059,380.51612903225805,402.34107278355293,490.20658854453376,461.01647383132575
1980-11-01,539.3333333333334,410.6666666666667,384.4946095002449,410.6666666666667,428.74575345423625,508.57919375353544,497.0231586431269
1980-12-01,666.7741935483871,538.516129032258,471.9218514885323,538.516129032258,542.4196456266608,587.8972003832226,651.2172700012786
1981-01-01,910.7096774193549,743.9677419354839,609.9812145404089,743.9677419354839,724.0139055331375,714.4694915390884,898.0502648699339
1981-02-01,992.4642857142857,825.5357142857143,665.7319820374552,825.5357142857143,796.5255481534219,765.0642153586458,996.4152239448392
1981-03-01,971.2903225806451,812.9032258064516,657.6273006717728,812.9032258064516,785.5299595596684,757.4221852564867,981.3888487990553
1981-04-01,1008.7333333333333,826.8,665.66299608325,826.8,797.2364810958028,765.507220013298,997.5742232158483
1981-05-01,795.8064516129032,633.5806451612904,534.7980995184076,633.5806451612904,626.0002385065828,646.095902620877,765.035481403783
1981-06-01,599.2333333333333,464.93333333333334,421.2425816842567,464.93333333333334,476.83564000508886,542.1142496071762,562.3304832730324
1981-07-01,506.7096774193548,383.80645161290323,366.4906237219493,383.80645161290323,405.0247426842169,492.04811041016586,464.77069290658653
1981-08-01,461.258064516129,345.38709677419354,340.66337420533927,345.38709677419354,371.06218119778225,468.3754168443487,418.60903694771184
1981-09-01,437.53333333333336,335.2,334.54119713477303,335.2,362.37816904330873,462.3639664818214,406.6535301298215
1981-10-01,457.7096774193548,349.6774193548387,344.08393556727964,349.6774193548387,375.09221736184156,471.2151114329319,423.9741393535118
1981-11-01,577.3666666666667,478.76666666666665,432.9200007218449,478.76666666666665,490.11673104621036,551.5074264823884,579.883339924794
1981-12-01,728.9032258064516,578.1290322580645,497.60195643261625,578.1290322580645,577.0170628576248,611.9581213411581,698.4409401049373
1982-01-01,938.8387096774194,771.516129032258,628.7780238596969,771.516129032258,702.3548387096774,694.011040504162,890.952474417637
1982-02-01,1112.107142857143,925.1785714285714,732.606913207709,925.1785714285714,838.3571428571429,788.8300276003541,1075.728259802826
1982-03-01,1123.6129032258063,938.483870967742,741.8147561113927,938.483870967742,896.4393754353429,834.715267270795,1132.1850754881573
1982-04-01,1041.7333333333333,866.2666666666667,693.0458482653288,866.2666666666667,832.5017470000643,790.1366108729218,1045.3279236542135
1982-05-01,901.5806451612904,765.0645161290323,626.2836524942356,765.0645161290323,743.6017522369633,728.2438854745924,924.22927970861
1982-06-01,668.1,624.4333333333333,535.9190497837952,624.4333333333333,621.1317348843545,643.1180698477955,756.8935942163548
1982-07-01,559.5483870967741,523.1935483870968,444.27784527308114,523.1935483870968,477.4516129032258,536.5223257798034,587.7903822472845
1982-08-01,489.80645161290323,480.5806451612903,351.7096774193548,480.5806451612903,438.2903225806452,508.6953923409179,534.9563221052017
1982-09-01,499.3666666666667,487.9,354.9,487.9,344.8851793966526,431.93870536771175,456.48332138791955
1982-10-01,519.1290322580645,497.9032258064516,379.663646894799,497.9032258064516,385.6938528025346,464.2099116110943,496.52338323756356
1982-11-01,531.9333333333333,507.6666666666667,395.7679763619651,507.6666666666667,410.99494521383644,483.84169069712897,522.8680369483022
1982-12-01,593.0645161290323,546.0967741935484,482.1604414725767,546.0967741935484,551.3969195511927,594.4485604567656,662.3406564255085
1983-01-01,775.3225806451613,645.4193548387096,542.8322014886965,645.4193548387096,587.516129032258,613.5664554231636,736.4945116729807
1983-02-01,957.4742120924136,802.8214285714286,650.9673466982721,802.8214285714286,732.25,715.1139748995441,930.5131366049912
1983-03-01,1035.9742697117665,898.0967741935484,648.9157180261398,898.0967741935484,726.2258064516129,700.0268600186686,965.8001063865452
1983-04-01,966.9,832.6,641.8333333333334,832.6,740.8333333333334,718.86619263635,950.6422989920619
1983-05-01,767.3089995735188,638.8387096774194,460.3225806451613,638.8387096774194,544.483870967742,578.7984074864884,695.6702114189027
1983-06-01,597.9528476015435,492.8,408.25185981905787,492.8,489.2,549.1252962561897,584.9291418885256
1983-07-01,493.8148250137217,403.0,381.6078106132512,403.0,435.8563871904596,515.1669007123735,499.9567314751146
1983-08-01,433.84886114840157,351.2903225806452,346.77102167337284,351.2903225806452,405.3937376924093,495.71067326192633,451.14828724102154
1983-09-01,407.071795063064,328.2,331.2150806108869,328.2,356.800789364975,458.55527353597114,398.78347704644875
1983-10-01,436.01855915475755,353.16129032258067,338.3055378634309,353.16129032258067,361.99182234090966,460.1525580437332,413.98196130339267
1983-11-01,542.4821488585872,444.96666666666664,409.8807371163601,444.96666666666664,460.09720415041846,530.5649767194773,539.1475803449007
1983-12-01,779.8034674032239,649.6129032258065,547.7508246153534,649.6129032258065,641.1353646062521,656.7697847604016,785.1508816982533
1984-01-01,864.1972381332065,722.3870967741935,588.904178165199,722.3870967741935,691.8387785118197,690.47932411641,860.6434045236509
1984-02-01,915.2934971877635,766.448275862069,581.8965517241379,766.448275862069,667.0960239391317,665.6046196528907,857.7478880478197
1984-03-01,976.2359541510692,819.0,675.0322580645161,819.0,813.8457930291253,779.9055300709392,1008.8131463487509
1984-04-01,1033.9873297064535,868.8,638.1666666666666,868.8,735.6122179696764,710.7321090117517,961.4729067289697
1984-05-01,860.5686052605081,719.258064516129,531.4516129032259,719.258064516129,592.9558574181618,610.0433559578818,772.6229180597882
1984-06-01,619.0587720013024,511.0,438.9560455714141,511.0,491.74861961068706,549.4265827253153,595.0627091388292
1984-07-01,481.35776577033323,392.258064516129,375.4175309037336,392.258064516129,415.28660782052367,499.54426109727507,477.38039787664997
1984-08-01,415.81792254385726,335.741935483871,334.2809968622742,335.741935483871,359.9731628643098,460.3479682576828,404.7817103381109
1984-09-01,419.3642565266599,338.8,338.3562963598851,338.8,366.17796889731045,465.0922662885703,411.5256365808217
1984-10-01,433.5121838715533,351.0,346.57543146722264,351.0,376.97057175528147,472.6159749283542,426.19114095057137
1984-11-01,518.3997479409134,424.2,395.8902421112476,424.2,441.72618890310724,517.7582267670581,514.1841671690695
1984-12-01,625.0441458119392,516.1612903225806,457.8445265216064,516.1612903225806,523.0787860144334,574.470518121622,624.7299626669084
1985-01-01,879.0484469008499,735.1935483870968,605.4064709394314,735.1935483870968,716.8433904713951,709.5471486455069,888.0265641227539
1985-02-01,1065.7373329341913,896.1785714285714,713.8620164013756,896.1785714285714,859.2571134031934,808.8261985416519,1081.545134522673
1985-03-01,1046.6763221850042,879.741935483871,702.788661357145,879.741935483871,844.7166147087506,798.6897674050839,1061.7868102381658
1985-04-01,1077.0721990287236,905.2333333333333,719.9103086754609,905.2333333333333,867.2443451921505,814.3912701370247,1092.4094422606138
1985-05-01,939.7096774193549,776.1612903225806,632.1883525011324,776.1612903225806,752.7230102679414,734.5127133085698,936.9529407174526
1985-06-01,660.7333333333333,509.8333333333333,465.4940406056739,509.8333333333333,541.6324374623447,590.2839125710692,638.2853886735314
1985-07-01,547.4516129032259,416.4193548387097,405.258064516129,416.4193548387097,463.2798412893902,536.1770942282678,529.7510568881697
1985-08-01,480.64516129032256,355.2903225806452,343.80645161290323,355.2903225806452,374.33085750797,469.9947296489865,425.697058148465
1985-09-01,457.26666666666665,336.8333333333333,334.56666666666666,336.8333333333333,363.39222803214926,463.01470583490504,408.2349622052753
1985-10-01,474.9032258064516,371.51612903225805,355.96774193548384,371.51612903225805,388.8441557703395,480.13761712867,445.34748953642855
1985-11-01,571.7333333333333,448.26666666666665,405.03333333333336,448.26666666666665,452.7836682669959,524.2353461087783,534.1377585673588
1985-12-01,657.1290322580645,518.1290322580645,446.3225806451613,518.1290322580645,504.90641920506135,559.4113476078608,609.6313924492887
1986-01-01,950.258064516129,793.6129032258065,624.258064516129,793.6129032258065,733.1910142297166,716.7138886677055,927.2768881286149
1986-02-01,1056.5357142857142,889.0714285714286,707.75,889.0714285714286,850.5933720719023,802.5023876957891,1070.918592536856
1986-03-01,1038.258064516129,863.1290322580645,706.2258064516129,863.1290322580645,856.2993751938869,809.9065858631774,1064.8516557980392
1986-04-01,982.4,816.1666666666666,687.0666666666667,816.1666666666666,836.3146296466206,798.5555330002517,1027.2995733796308
1986-05-01,828.8387096774194,668.3225806451613,584.741935483871,668.3225806451613,702.2381676179925,704.6904292021007,846.6911203737477
1986-06-01,633.7,499.3333333333333,455.6666666666667,499.3333333333333,526.3659250378045,578.9297873947091,620.4265622922366
1986-07-01,524.7741935483871,400.0,378.38709677419354,400.0,421.0065671851584,503.38773311224094,485.6890328916287
1986-08-01,477.80645161290323,357.03225806451616,347.80645161290323,357.03225806451616,380.3893629218472,474.7601295262064,431.7524719047791
1986-09-01,477.3333333333333,359.8333333333333,351.53333333333336,359.8333333333333,385.76287406700163,478.8535994860066,437.65891109304323
1986-10-01,551.3225806451613,409.16129032258067,385.61290322580646,409.16129032258067,432.2229576169593,511.5751892818149,499.42600837524213
1986-11-01,596.1,444.06666666666666,407.46666666666664,444.06666666666666,460.56136210707615,531.0252465153368,539.1574693603709
1986-12-01,667.8709677419355,519.7741935483871,449.8709677419355,519.7741935483871,511.3103944263846,564.4656300744784,615.9450994239115
1987-01-01,829.8387096774194,658.8064516129032,540.0645161290323,658.8064516129032,628.3326930121099,645.3290682281784,777.8396818592155
1987-02-01,928.0714285714286,761.7857142857143,612.6071428571429,761.7857142857143,723.2241861283368,711.9388574944576,904.9593798575745
1987-03-01,989.8064516129032,815.4516129032259,659.5806451612904,815.4516129032259,789.447590567685,760.3482623725698,985.9065793771264
1987-04-01,911.3333333333334,749.8666666666667,622.9333333333333,749.8666666666667,744.3236987301412,730.4355341949355,918.3726497075685
1987-05-01,739.1935483870968,587.0,505.3225806451613,587.0,587.894098047516,619.9032489284126,711.7603925490841
1987-06-01,582.3333333333334,447.03333333333336,413.06666666666666,447.03333333333336,468.05512854540444,536.836490624968,546.9964994599522
1987-07-01,485.80645161290323,359.61290322580646,356.6774193548387,359.61290322580646,394.6327201712154,486.12220551440083,445.3410112661331
1987-08-01,438.80645161290323,320.8709677419355,327.6774193548387,320.8709677419355,346.51612903225805,450.9507729647109,386.6596323076924
1987-09-01,426.7,308.53333333333336,320.0,308.53333333333336,330.43333333333334,439.14077354312735,367.3164393994291
1987-10-01,427.35483870967744,309.5806451612903,321.06451612903226,309.5806451612903,335.35483870967744,443.0389258298944,372.0675912072031
1987-11-01,507.26666666666665,386.9,363.76666666666665,386.9,385.43333333333334,475.76330585397716,448.9571208057421
1987-12-01,710.8709677419355,546.8709677419355,459.1290322580645,546.8709677419355,511.258064516129,561.581050763566,627.4829321401447
1988-01-01,880.7741935483871,711.2258064516129,568.5806451612904,711.2258064516129,655.1290322580645,661.6913858614732,823.7144107450306
1988-02-01,966.1724137931035,791.3793103448276,625.3103448275862,791.3793103448276,739.1379310344828,721.7965989676627,931.5270991472398
1988-03-01,1138.0645161290322,950.4516129032259,753.9354838709677,950.4516129032259,893.3548387096774,830.9953453755489,1134.6478036112353
1988-04-01,1078.3666666666666,899.3333333333334,723.7333333333333,899.3333333333334,855.3333333333334,805.3520694564219,1079.511132523265
1988-05-01,884.4516129032259,726.9354838709677,604.258064516129,726.9354838709677,718.1290322580645,711.4685972669429,885.6282206722155
1988-06-01,677.8666666666667,537.3,466.8333333333333,537.3,560.0333333333333,602.3288733336143,666.0618183198991
1988-07-01,537.7741935483871,412.93548387096774,382.1290322580645,412.93548387096774,433.0967741935484,511.86362153216334,501.77817676552985
1988-08-01,473.96774193548384,350.51612903225805,341.93548387096774,350.51612903225805,370.0,466.9706126555834,419.8711555431637
1988-09-01,437.3666666666667,325.26666666666665,327.2,325.26666666666665,345.5,449.65198505237754,387.64074246778904
1988-10-01,462.2903225806452,344.4193548387097,343.4193548387097,344.4193548387097,372.19354838709677,469.4146043750081,419.199744802429
1988-11-01,544.0333333333333,416.8333333333333,385.1,416.8333333333333,431.26666666666665,509.9750048433142,501.8540236468855
1988-12-01,760.516129032258,594.5806451612904,496.61290322580646,594.5806451612904,587.3870967741935,618.6326143835884,714.4996421917217
1989-01-01,942.9677419354839,776.0645161290323,620.3548387096774,776.0645161290323,740.9677419354839,724.8931178043896,926.5802930885758
1989-02-01,1085.9642857142858,918.1071428571429,729.75,918.1071428571429,879.7142857142857,823.2167203056207,1108.8356258488434
1989-03-01,1124.1612903225807,947.6129032258065,753.8064516129032,947.6129032258065,920.8709677419355,853.684432326142,1157.4787220716787
1989-04-01,1070.3333333333333,917.3,742.1,917.3,914.3,851.5101951796918,1138.7724602374174
1989-05-01,943.8064516129032,786.3870967741935,649.1935483870968,786.3870967741935,816.9677419354839,785.7840346404406,997.5230784507187
1989-06-01,688.6666666666666,546.7333333333333,475.9,546.7333333333333,583.2333333333333,620.2472149977443,690.393877970612
1989-07-01,577.4516129032259,457.03225806451616,414.48387096774195,457.03225806451616,480.5483870967742,545.9409170317884,562.1756005880767
1989-08-01,512.258064516129,395.3225806451613,372.93548387096774,395.3225806451613,413.03225806451616,497.36904746069985,476.7026292226969
1989-09-01,476.6666666666667,361.93333333333334,353.76666666666665,361.93333333333334,385.6,478.5092921789518,438.42217654128007
1989-10-01,454.6480351403654,369.2258064516129,360.0967741935484,369.2258064516129,389.80645161290323,481.18815263779277,445.2345339558158
1989-11-01,569.3090930590133,468.1,417.73333333333335,468.1,467.76666666666665,534.3781313311669,555.7371411716033
1989-12-01,761.3610343491986,633.7096774193549,523.1935483870968,633.7096774193549,591.8064516129032,618.1978691669026,735.1562319279961
1990-01-01,988.1692931860266,829.2903225806451,661.0645161290323,829.2903225806451,777.2258064516129,748.9352654700363,981.1278507941894
1990-02-01,993.0511137003275,833.5,663.1428571428571,833.5,777.6428571428571,748.8366171397648,983.2951138273047
1990-03-01,1136.4569293445602,957.1612903225806,758.483870967742,957.1612903225806,911.3548387096774,844.9486985173011,1153.2538825399515
1990-04-01,953.9221967700647,797.128955838592,645.6333333333333,797.128955838592,769.2760957184429,745.8159169480513,960.4108271432016
1990-05-01,760.9008223082853,624.4431728442834,524.6129032258065,624.4431728442834,608.9626790075515,633.1533816009354,746.2075466769302
1990-06-01,579.840550613764,464.6391765281221,414.7,464.6391765281221,464.0238227218324,531.6856701184167,550.9780886693782
1990-07-01,513.3796925125288,405.9807495646545,374.35483870967744,405.9807495646545,410.82186587724914,494.4404417114124,479.3162205831967
1990-08-01,458.5934570424934,357.6263574647627,341.0967741935484,357.6263574647627,366.96545146390804,463.7377708170159,420.24259301715136
1990-09-01,455.9630800727875,355.3047838382401,339.5,355.3047838382401,364.85983311913566,462.2636852600105,417.4063713250861
1990-10-01,488.13870138908874,383.70302284549956,359.03225806451616,383.70302284549956,390.61643731630136,480.2951762654005,452.0999518209548
1990-11-01,526.5227208729447,417.58080095104975,382.3333333333333,417.58080095104975,421.34286797705477,501.80590624540594,493.4877794755361
1990-12-01,597.3391998283927,480.08350370415945,425.3225806451613,480.08350370415945,478.0315019326115,541.4920615107782,569.846125097602
1991-01-01,834.2325438879641,689.1658315230911,569.1290322580645,689.1658315230911,667.6647661951466,670.476064145248,815.2903225806451
1991-02-01,1125.0637983775573,945.8538188221061,745.6785714285714,945.8538188221061,900.4753601667562,808.9349942159857,1094.1785714285713
1991-03-01,1078.2465043907794,904.53282330069,717.258064516129,904.53282330069,862.9980881990858,794.2245729726137,1064.5483870967741
1991-04-01,1162.8773335056458,979.2280868034625,768.6333333333333,979.2280868034625,930.745117757929,848.4147928922664,1173.7
1991-05-01,959.3747209315466,799.616455572796,645.0967741935484,799.616455572796,767.8411541131075,767.9918749709022,1011.7096774193549
1991-06-01,698.9408314663248,569.7572163084209,487.0,569.7572163084209,559.3636691084677,646.5014921619988,767.0
1991-07-01,583.7239929655003,454.78683794773923,412.26356326595595,454.7868379477392,463.3140876766742,548.2489877416692,569.0967741935484
1991-08-01,521.4700134301959,388.335502683239,369.7035098981179,388.3355026832389,407.6399360257088,492.66065149994705,457.1290322580645
1991-09-01,455.326087954793,328.11637506626136,328.29511173025764,328.1163750662611,351.7294848906514,452.87919738746143,377.0
1991-10-01,431.33426957583237,306.2736077623575,313.27539886824394,306.2736077623573,331.4495668259627,438.4496119787056,347.93548387096774
1991-11-01,485.04292403794494,355.17134544490335,346.8988848201659,355.1713454449033,376.84867308176405,470.75202459741865,413.0
1991-12-01,687.5159617999255,559.6736136881719,480.06451612903226,559.6736136881719,490.2035122897898,522.736968256488,517.7096774193549
1992-01-01,940.882373750584,783.2950894711838,633.8709677419355,783.2950894711838,559.741935483871,585.9324666171436,645.0
1992-02-01,1070.1528958396189,897.3893954300179,712.3448275862069,897.3893954300179,737.6896551724138,707.4471481653017,889.7586206896551
1992-03-01,881.7918850573934,731.1417587097095,598.0,731.1417587097095,822.5806451612904,751.6885254191669,978.8709677419355
1992-04-01,660.6684037326985,535.9779292052082,463.76666666666665,535.9779292052082,744.5894578475492,772.9351957583634,1021.6666666666666
1992-05-01,819.783377802554,659.9276470846081,556.4580528427784,659.9276470846081,659.799671962121,672.0775719597602,818.516129032258
1992-06-01,601.6539900753504,461.337053282575,419.9014684822314,461.33705328257497,475.41822822429725,540.8863224824179,554.2666666666667
1992-07-01,487.41281508758703,357.3289550897951,348.38251905403854,357.328955089795,378.8519058317722,472.1773665523346,415.8709677419355
1992-08-01,417.3013192032329,293.4976495279988,304.49028379800956,293.4976495279985,319.58772795793715,430.0096657962257,330.93548387096774
1992-09-01,490.2270612862492,385.5462116035268,360.3,385.5462116035268,395.51769436019737,482.64774405538685,343.76666666666665
1992-10-01,488.98892424798356,384.45343048235554,359.5483870967742,384.45343048235554,389.7798927196837,477.74558196491176,360.7741935483871
1992-11-01,499.56179975786534,393.7850621165053,365.96666666666664,393.7850621165053,398.06666666666666,483.55203983169764,386.23333333333335
1992-12-01,642.6135670645424,520.0427103667278,452.80645161290323,520.0427103667278,536.483870967742,585.4031996535253,614.4193548387096
1993-01-01,747.7223679954153,612.8118544730194,516.6129032258065,612.8118544730194,604.6129032258065,630.5044120115223,743.4193548387096
1993-02-01,831.3725308336014,686.641580833936,567.3928571428571,686.641580833936,692.3214285714286,696.0567613591568,855.75
1993-03-01,1072.4012222358776,899.3737707973067,713.7096774193549,899.3737707973067,847.7741935483871,798.7923990312742,1048.0645161290322
1993-04-01,935.4940863823379,778.5393810726106,630.6,778.5393810726106,751.4,733.2856076406937,948.5666666666667
1993-05-01,749.4228137132051,614.3126697467308,517.6451612903226,614.3126697467308,614.1290322580645,638.6858068840186,790.9032258064516
1993-06-01,570.3410814632368,456.2549345355026,408.93333333333334,456.2549345355026,107.78333333333333,216.20425056828063,604.7
1993-07-01,477.72347136762704,374.5105292940168,352.7096774193548,374.5105292940168,383.14516129032256,473.5026419102695,496.96774193548384
1993-08-01,426.5620828936264,322.1266050765803,331.4193548387097,322.1266050765803,351.66129032258067,454.0054984042157,416.741935483871
1993-09-01,422.1155364074894,316.3666666666667,331.2,316.3666666666667,348.0833333333333,451.72753684820816,349.8
1993-10-01,436.6760000328381,328.38709677419354,341.16129032258067,328.38709677419354,360.2258064516129,460.48216451937935,346.1290322580645
1993-11-01,482.9357066923377,369.1,369.4,369.1,405.3833333333333,493.7852718795002,426.43333333333334
1993-12-01,602.6468657194494,484.0967741935484,429.4516129032258,484.0967741935484,475.43548387096774,537.2198336654894,510.4062420823434
1994-01-01,930.1387444184863,773.3548387096774,627.9677419354839,773.3548387096774,752.258064516129,734.8833052268718,926.2217405772083
1994-02-01,979.0038603140936,813.25,662.0,813.25,805.1071428571429,775.0389314033057,1011.6660236973909
1994-03-01,1069.6077054627021,889.6129032258065,721.8709677419355,889.6129032258065,883.9032258064516,832.1735714490748,1127.2124296448505
1994-04-01,1004.6634468585725,822.5333333333333,695.6333333333333,822.5333333333333,855.9333333333333,818.1261121785457,1114.0584761586508
1994-05-01,803.5033888658766,665.4516129032259,545.8709677419355,665.4516129032259,678.0645161290323,687.0130413309234,842.7654478733963
1994-06-01,619.6302714681954,495.9,444.06666666666666,495.9,535.3,588.2039858301835,655.0351064365326
1994-07-01,529.0358577574423,413.1290322580645,392.8709677419355,413.1290322580645,449.80645161290323,525.9972776953829,529.448813822929
1994-08-01,451.9297022845507,344.0,347.51612903225805,344.0,382.2834116995349,477.5176692539089,432.93068243958186
1994-09-01,427.88860266028445,321.3666666666667,334.8333333333333,321.3666666666667,366.4440930162001,467.1645309327317,414.77714953199995
1994-10-01,456.45469989668703,347.80645161290323,350.51612903225805,347.80645161290323,299.7258064516129,403.7702631543757,378.07803566701375
1994-11-01,501.6194103276128,390.3333333333333,374.3333333333333,390.3333333333333,406.6,491.51801197877853,407.96666666666664
1994-12-01,731.0062263214991,589.2903225806451,481.0967741935484,589.2903225806451,548.7096774193549,585.1426439329767,633.1935483870968
1995-01-01,862.9354838709677,795.6451612903226,628.741935483871,795.6451612903226,737.258064516129,718.1523382197687,894.8064516129032
1995-02-01,917.2857142857143,843.5714285714286,679.0357142857143,843.5714285714286,813.5178571428571,777.5640425445889,994.9642857142857
1995-03-01,986.8709677419355,880.6451612903226,724.1290322580645,880.6451612903226,877.241935483871,827.6226473357899,1078.3870967741937
1995-04-01,1054.3,867.7666666666667,717.3,867.7666666666667,882.0333333333333,833.9514081279548,1100.2
1995-05-01,1005.9032258064516,804.1612903225806,672.8387096774194,804.1612903225806,829.516129032258,797.8972498155813,1063.1935483870968
1995-06-01,731.4666666666667,556.1333333333333,492.23333333333335,556.1333333333333,597.9333333333333,634.926445371718,777.5
1995-07-01,573.0322580645161,422.64516129032256,397.16129032258067,422.64516129032256,456.38709677419354,529.0405663827262,564.7096774193549
1995-08-01,493.19354838709677,355.258064516129,352.9032258064516,355.258064516129,385.4193548387097,478.4806805191168,425.96774193548384
1995-09-01,460.73333333333335,327.1,334.5,327.1,355.26666666666665,455.9887478591781,319.73333333333335
1995-10-01,472.96774193548384,341.5483870967742,342.7741935483871,341.5483870967742,363.5806451612903,455.35483870967744,331.0
1995-11-01,519.5,390.8666666666667,372.43333333333334,390.8666666666667,402.1333333333333,487.93333333333334,395.1333333333333
1995-12-01,730.6129032258065,585.6774193548387,493.9032258064516,585.6774193548387,571.7096774193549,611.6774193548387,670.0967741935484
1996-01-01,832.7741935483871,681.8709677419355,563.8064516129032,681.8709677419355,663.9354838709677,678.8064516129032,815.258064516129
1996-02-01,859.2068965517242,702.2413793103449,579.3448275862069,702.2413793103449,691.0,698.9655172413793,854.551724137931
1996-03-01,946.0645161290323,781.7741935483871,643.0967741935484,781.7741935483871,780.5806451612904,758.3870967741935,974.6451612903226
1996-04-01,962.1666666666666,798.4,655.6666666666666,798.4,805.4333333333333,778.0666666666667,1022.2
1996-05-01,839.3548387096774,676.516129032258,579.258064516129,676.516129032258,726.0322580645161,733.8709677419355,949.0645161290323
1996-06-01,633.3333333333334,485.8333333333333,440.43333333333334,485.8333333333333,521.8333333333334,585.0,687.4666666666667
1996-07-01,513.7741935483871,380.61290322580646,369.96774193548384,380.61290322580646,414.4516129032258,501.12492357011166,536.9677419354839
1996-08-01,465.19354838709677,338.0,344.80645161290323,338.0,370.258064516129,467.83206310502993,445.06451612903226
1996-09-01,448.46666666666664,321.8333333333333,337.76666666666665,321.8333333333333,357.8,459.39376460952496,365.96666666666664
1996-10-01,479.258064516129,349.1290322580645,350.5806451612903,349.1290322580645,380.6774193548387,477.8268706845499,372.80645161290323
1996-11-01,589.8333333333334,448.2,409.8666666666667,448.2,455.6666666666667,531.3333333333334,491.5
1996-12-01,671.0645161290323,524.7096774193549,457.8709677419355,524.7096774193549,521.516129032258,577.3870967741935,599.1612903225806
1997-01-01,846.1290322580645,672.4193548387096,551.9677419354839,672.4193548387096,647.4193548387096,670.1935483870968,789.8387096774194
1997-02-01,959.8571428571429,783.6071428571429,630.9285714285714,783.6071428571429,754.0714285714286,740.0357142857143,932.3571428571429
1997-03-01,1044.3548387096773,865.0967741935484,697.483870967742,865.0967741935484,839.6451612903226,796.0645161290323,1039.1935483870968
1997-04-01,1107.4333333333334,927.9,763.6333333333333,927.9,904.3666666666667,837.5666666666667,1133.2
1997-05-01,890.4193548387096,721.4516129032259,601.6915159840796,721.4516129032259,742.6451612903226,735.6129032258065,963.9032258064516
1997-06-01,662.4333333333333,512.1666666666666,458.56936178948206,512.1666666666666,529.3,581.5,689.5
1997-07-01,537.9032258064516,400.7741935483871,381.96528589545943,400.7741935483871,425.06451612903226,505.83870967741933,536.741935483871
1997-08-01,474.61290322580646,345.1290322580645,343.5532402044451,345.1290322580645,376.96774193548384,462.5483870967742,418.1290322580645
1997-09-01,451.6333333333333,323.23333333333335,328.69660307654055,323.23333333333335,352.8,447.6333333333333,320.26666666666665
1997-10-01,450.48387096774195,319.96774193548384,326.786260701245,319.96774193548384,345.8709677419355,442.16129032258067,285.7741935483871
1997-11-01,469.8333333333333,342.03333333333336,341.24751299865306,342.03333333333336,362.3666666666667,455.1,313.5
1997-12-01,569.0322580645161,427.0,107.25806451612904,427.0,429.03225806451616,504.2258064516129,434.5483870967742
1998-01-01,600.0645161290323,453.7096774193548,410.19354838709677,453.7096774193548,468.7741935483871,538.6774193548387,508.96774193548384
1998-02-01,748.5714285714286,585.4642857142857,486.89285714285717,585.4642857142857,545.8928571428571,592.7142857142857,627.1071428571429
1998-03-01,956.0645161290323,778.258064516129,622.5806451612904,778.258064516129,716.6774193548387,707.4516129032259,841.437907757864
1998-04-01,842.1333333333333,687.1,571.7666666666667,687.1,683.1,685.7333333333333,839.6102828486632
1998-05-01,665.3548387096774,513.3548387096774,456.48387096774195,513.3548387096774,541.741935483871,594.5483870967741,675.6451612903226
1998-06-01,514.8666666666667,382.8,369.3,382.8,417.8,502.5,515.9666666666667
1998-07-01,439.8709677419355,317.93548387096774,328.3225806451613,317.93548387096774,352.96774193548384,452.38709677419354,433.80645161290323
1998-08-01,411.16129032258067,290.7741935483871,312.61290322580646,290.7741935483871,327.06451612903226,429.4193548387097,357.8709677419355
1998-09-01,403.23333333333335,280.8,307.0,280.8,320.06666666666666,424.73333333333335,273.4
1998-10-01,418.64516129032256,299.741935483871,319.0,299.741935483871,332.6774193548387,434.64516129032256,268.7741935483871
1998-11-01,512.6333333333333,386.96666666666664,367.26666666666665,386.96666666666664,393.6333333333333,482.3666666666667,385.1333333333333
1998-12-01,666.3225806451613,514.6774193548387,445.96774193548384,514.6774193548387,497.2903225806452,554.9354838709677,546.6451612903226
1999-01-01,825.4516129032259,667.6774193548387,552.5483870967741,667.6774193548387,644.0322580645161,661.6451612903226,752.3548387096774
1999-02-01,798.6071428571429,629.25,530.8214285714286,629.25,638.0357142857143,654.6071428571429,777.3571428571429
1999-03-01,932.258064516129,754.0967741935484,611.5483870967741,754.0967741935484,750.5483870967741,736.1290322580645,939.0967741935484
1999-04-01,805.6333333333333,674.7666666666667,551.1333333333333,674.7666666666667,679.2333333333333,696.3666666666667,878.2
1999-05-01,744.7096774193549,579.9677419354839,511.03225806451616,579.9677419354839,638.4193548387096,675.8709677419355,853.0645161290323
1999-06-01,563.8,422.2,406.1333333333333,422.2,488.3,566.2666666666667,675.5333333333333
1999-07-01,469.93548387096774,341.19354838709677,348.96774193548384,341.19354838709677,388.16129032258067,484.8709677419355,542.4516129032259
1999-08-01,413.61290322580646,286.38709677419354,314.0,286.38709677419354,332.3225806451613,440.8709677419355,443.93548387096774
1999-09-01,405.2,278.76666666666665,307.53333333333336,278.76666666666665,318.43333333333334,427.6666666666667,357.53333333333336
1999-10-01,422.16129032258067,289.5483870967742,315.9032258064516,289.5483870967742,330.93548387096774,437.5806451612903,321.1622588286599
1999-11-01,514.4333333333333,373.6,359.43333333333334,373.6,383.6,472.23333333333335,358.6666666666667
1999-12-01,639.7741935483871,488.19354838709677,431.6774193548387,488.19354838709677,480.3225806451613,540.9032258064516,521.2903225806451
2000-01-01,921.1290322580645,727.7096774193549,589.4193548387096,727.7096774193549,687.8709677419355,683.483870967742,822.3225806451613
2000-02-01,1006.9655172413793,806.5172413793103,652.7586206896551,806.5172413793103,774.1379310344828,750.1034482758621,951.7241379310345
2000-03-01,1083.3225806451612,880.6774193548387,716.3225806451613,880.6774193548387,868.0,818.258064516129,1084.1290322580646
2000-04-01,996.9,803.1666666666666,667.6666666666666,803.1666666666666,817.5333333333333,783.2666666666667,1033.7666666666667
2000-05-01,771.4516129032259,600.8709677419355,525.7096774193549,600.8709677419355,645.1612903225806,671.741935483871,843.1612903225806
2000-06-01,569.6,422.13168216654344,397.0,422.13168216654344,460.43333333333334,539.5,618.7
2000-07-01,482.35483870967744,344.1290322580645,350.48387096774195,344.1290322580645,388.61290322580646,483.6774193548387,525.9354838709677
2000-08-01,439.6774193548387,306.03225806451616,327.1290322580645,306.03225806451616,352.258064516129,452.7903225806452,453.6774193548387
2000-09-01,441.6333333333333,303.43333333333334,325.06666666666666,303.43333333333334,343.5,446.25,385.98333333333335
2000-10-01,448.2258064516129,310.9032258064516,331.6774193548387,310.9032258064516,355.19354838709677,456.61290322580646,350.51612903225805
2000-11-01,547.7666666666667,408.2,390.3,408.2,434.6166666666667,523.95,482.3833333333333
2000-12-01,731.483870967742,559.8064516129032,478.5483870967742,559.8064516129032,546.1290322580645,594.016129032258,625.4193548387096
2001-01-01,860.1290322580645,687.5806451612904,571.9677419354839,687.5806451612904,677.7741935483871,687.9516129032259,827.4193548387096
2001-02-01,897.0357142857143,726.6428571428571,608.7857142857143,726.6428571428571,740.1785714285714,733.5892857142857,924.8035714285714
2001-03-01,1008.9354838709677,830.6129032258065,677.6129032258065,830.6129032258065,815.9032258064516,779.6774193548387,1015.3387096774194
2001-04-01,951.6,776.1,647.2333333333333,776.1,805.2,781.4833333333333,1032.25
2001-05-01,743.8064516129032,590.1935483870968,514.2903225806451,590.1935483870968,630.3870967741935,662.8548387096774,823.9354838709677
2001-06-01,622.0666666666667,478.03333333333336,441.4,478.03333333333336,525.0,588.3666666666667,688.6666666666666
2001-07-01,507.16129032258067,369.3225806451613,367.7741935483871,369.3225806451613,417.1290322580645,508.61290322580646,542.0645161290323
2001-08-01,442.741935483871,308.96774193548384,328.16129032258067,308.96774193548384,352.16129032258067,454.8709677419355,416.03225806451616
2001-09-01,437.7,302.26666666666665,323.56666666666666,302.26666666666665,339.6,443.2,337.8
2001-10-01,466.61290322580646,332.83870967741933,340.5806451612903,332.83870967741933,357.64516129032256,454.80645161290323,329.4516129032258
2001-11-01,516.9,375.1666666666667,367.46666666666664,375.1666666666667,393.1,481.4,385.1
2001-12-01,824.3548387096774,653.7096774193549,528.8064516129032,653.7096774193549,593.4193548387096,615.483870967742,674.0322580645161
2002-01-01,1081.1129032258063,868.1935483870968,685.3225806451613,868.1935483870968,791.5483870967741,736.6774193548387,938.7903225806451
2002-02-01,1014.1071428571429,810.875,653.0535714285714,810.875,765.3214285714286,734.0,919.9464285714286
2002-03-01,991.8064516129032,793.1612903225806,648.8387096774194,793.1612903225806,773.1290322580645,743.0967741935484,944.1451612903226
2002-04-01,890.4333333333333,710.7,589.0,710.7,710.3166666666667,709.2,893.0833333333334
2002-05-01,674.7096774193549,514.6290322580645,462.8709677419355,514.6290322580645,557.2903225806451,612.8870967741935,723.1935483870968
2002-06-01,542.3166666666667,395.21666666666664,386.3833333333333,395.21666666666664,445.05,533.1333333333333,593.3666666666667
2002-07-01,469.758064516129,330.80645161290323,340.93548387096774,330.80645161290323,371.9032258064516,470.2378927358292,496.48387096774195
2002-08-01,437.8709677419355,304.43548387096774,325.7903225806452,304.43548387096774,348.258064516129,452.17248989777187,431.6774193548387
2002-09-01,422.7,290.85,313.2,290.85,326.6,431.2,341.1666666666667
2002-10-01,436.80645161290323,301.0806451612903,323.4193548387097,301.0806451612903,343.7741935483871,445.85483870967744,312.7741935483871
2002-11-01,501.5833333333333,351.95,355.3833333333333,351.95,386.5,478.0,373.3666666666667
2002-12-01,584.3225806451613,428.5967741935484,398.741935483871,428.5967741935484,439.83870967741933,514.016129032258,456.9032258064516
2003-01-01,817.4354838709677,623.7903225806451,511.14516129032256,623.7903225806451,585.0483870967741,617.1935483870968,682.3870967741935
2003-02-01,1034.517857142857,817.0178571428571,652.2142857142857,817.0178571428571,771.0535714285714,730.3571428571429,931.5892857142857
2003-03-01,1046.741935483871,839.741935483871,676.4354838709677,839.741935483871,823.8870967741935,790.4193548387096,1025.8225806451612
2003-04-01,1129.4,940.2,759.4,940.2,919.9166666666666,837.0333333333333,1126.6
2003-05-01,848.5483870967741,659.1774193548387,561.7258064516129,659.1774193548387,688.2096774193549,699.258064516129,878.5645161290323
2003-06-01,658.5333333333333,488.1166666666667,438.26666666666665,488.1166666666667,513.1,576.2166666666667,655.6333333333333
2003-07-01,525.5967741935484,378.64516129032256,364.8709677419355,378.64516129032256,399.19354838709677,499.3225806451613,511.85483870967744
2003-08-01,462.14516129032256,323.2903225806452,331.35483870967744,323.2903225806452,356.3225806451613,454.35483870967744,417.03225806451616
2003-09-01,439.0,308.6666666666667,322.85,308.6666666666667,341.6,445.05,359.96666666666664
2003-10-01,567.6182795698925,425.6362007168459,403.60618279569894,425.6362007168459,447.9623655913979,519.5739247311828,502.7517921146953
2003-11-01,696.236559139785,542.6057347670251,484.36236559139786,542.6057347670251,554.3247311827957,594.0978494623656,645.536917562724
2003-12-01,824.8548387096774,659.5752688172042,565.1185483870968,659.5752688172042,660.6870967741936,668.6217741935484,788.3220430107526
2004-01-01,953.4731182795699,776.5448028673835,645.8747311827957,776.5448028673835,767.0494623655914,743.1456989247313,931.1071684587814
2004-02-01,1082.0913978494623,893.5143369175628,726.6309139784946,893.5143369175628,873.4118279569892,817.6696236559139,1073.89229390681
2004-03-01,1210.7096774193549,1010.483870967742,807.3870967741935,1010.483870967742,979.7741935483871,892.1935483870968,1216.6774193548388
2004-04-01,1077.2333333333333,878.1666666666666,719.4666666666667,878.1666666666666,889.0,838.6333333333333,1123.3666666666666
2004-05-01,828.516129032258,647.6129032258065,550.0322580645161,647.6129032258065,665.8064516129032,686.7741935483871,857.5806451612904
2004-06-01,643.4,483.1,437.76666666666665,483.1,505.4,573.8666666666667,640.2666666666667
2004-07-01,539.7096774193549,396.7741935483871,378.61290322580646,396.7741935483871,421.83870967741933,507.57999035190863,505.16129032258067
2004-08-01,474.5806451612903,341.0,342.19354838709677,341.0,366.4193548387097,465.04446258606345,402.06451612903226
2004-09-01,455.8,322.2,332.93333333333334,322.2,353.3666666666667,456.3664570921481,348.8333333333333
2004-10-01,464.61290322580646,334.84266662933135,338.83870967741933,334.84266662933135,358.5806451612903,462.4741433915085,341.83870967741933
2004-11-01,534.048743610739,394.5,377.93333333333334,394.5,404.26666666666665,500.06666666666666,418.43333333333334
2004-12-01,613.741935483871,463.741935483871,423.5806451612903,463.741935483871,463.06451612903226,537.1290322580645,504.5806451612903
2005-01-01,762.2903225806451,591.5806451612904,507.3225806451613,591.5806451612904,573.2258064516129,608.6451612903226,666.8387096774194
2005-02-01,930.0714285714286,718.5357142857143,603.7142857142857,718.5357142857143,695.1071428571429,699.3928571428571,847.7857142857143
2005-03-01,1079.5483870967741,877.3225806451613,730.9354838709677,877.3225806451613,853.7096774193549,819.1290322580645,1052.3548387096773
2005-04-01,992.2,830.048709469855,681.8333333333334,830.0487094698551,821.6,779.7666666666667,1051.7666666666667
2005-05-01,782.6593442655011,612.5633755978866,523.741935483871,612.5633755978866,557.8387096774194,661.741935483871,852.7741935483871
2005-06-01,584.19555753603,429.8448594681703,402.8930038064715,429.8448594681703,455.1333333333333,537.1333333333333,610.3
2005-07-01,492.0967741935484,355.48387096774195,352.5683231535238,355.48387096774195,388.7329094650355,481.96774193548384,476.0
2005-08-01,433.0724869709457,305.1290322580645,316.93548387096774,305.1290322580645,340.2178092899841,437.38709677419354,344.7741935483871
2005-09-01,424.6333333333333,293.8666666666667,308.43333333333334,293.8666666666667,332.76257803923215,428.76666666666665,276.6
2005-10-01,445.51612903225805,305.3225806451613,319.06451612903226,305.3225806451613,346.3159997320195,437.16129032258067,283.258064516129
2005-11-01,478.73333333333335,341.23333333333335,345.1333333333333,341.23333333333335,364.8180093244645,464.06666666666666,338.8666666666667
2005-12-01,759.3870967741935,572.6451612903226,494.0,572.6451612903226,538.0,588.2258064516129,619.2258064516129
2006-01-01,981.741935483871,777.1935483870968,648.483870967742,777.1935483870968,742.6129032258065,722.3548387096774,896.4193548387096
2006-02-01,972.7857142857143,779.5357142857143,648.25,779.5357142857143,749.8571428571429,733.7857142857143,923.3928571428571
2006-03-01,1086.5806451612902,898.516129032258,748.3548387096774,898.516129032258,876.8709677419355,828.3870967741935,1103.6451612903227
2006-04-01,1133.1,932.9333333333333,778.3666666666667,932.9333333333333,923.9,860.6333333333333,1173.9
2006-05-01,932.3225806451613,739.6903057158571,650.1612903225806,739.6903057158571,805.5806451612904,793.3548387096774,1063.967741935484
2006-06-01,676.8333333333334,523.8371851409817,473.1333333333333,523.8371851409817,569.4666666666667,628.6666666666666,775.7
2006-07-01,541.9677419354839,407.6439158516324,382.35483870967744,407.6439158516324,434.7741935483871,518.3870967741935,570.0322580645161
2006-08-01,470.0967741935484,337.7792923746558,340.9032258064516,337.7792923746558,369.5483870967742,468.8709677419355,432.38709677419354
2006-09-01,445.46666666666664,314.9,327.53333333333336,314.9,351.1333333333333,447.1333333333333,329.23333333333335
2006-10-01,506.64516129032256,375.38709677419354,367.19354838709677,375.38709677419354,427.8709677419355,478.6774193548387,514.1612903225806
2006-11-01,593.9666666666667,443.26666666666665,418.26666666666665,443.26666666666665,478.1,540.4333333333333,599.1666666666666
2006-12-01,720.0,553.2258064516129,478.7741935483871,553.2258064516129,473.7096774193548,576.483870967742,760.3225806451613
2007-01-01,880.6451612903226,685.3548387096774,573.8387096774194,685.3548387096774,617.2258064516129,652.3225806451613,960.8064516129032
2007-02-01,1093.857142857143,897.1071428571429,719.6428571428571,897.1071428571429,824.0,767.1071428571429,979.2321428571429
2007-03-01,1111.3870967741937,907.4193548387096,754.8387096774194,907.4193548387096,818.516129032258,812.3870967741935,1067.035293335669
2007-04-01,910.3166666666667,727.2666666666667,628.8,727.2666666666667,751.0080055535747,743.0833333333334,950.7333333333333
2007-05-01,734.983870967742,578.9906101867936,517.4677419354839,578.9906101867936,614.3476893157754,656.7903225806451,807.1935483870968
2007-06-01,583.6,433.78333333333336,417.95,433.78333333333336,478.1,556.9166666666666,638.0666666666667
2007-07-01,491.78258385299387,353.3709677419355,355.3709677419355,353.3709677419355,389.2096774193548,481.48387096774195,506.61290322580646
2007-08-01,451.5510513529581,319.0563809246728,328.0,319.0563809246728,350.33870967741933,449.98387096774195,413.93548387096774
2007-09-01,429.53333333333336,313.6241287604338,314.21666666666664,313.6241287604338,331.55,435.96666666666664,316.1666666666667
2007-10-01,441.5483870967742,312.8045177822252,324.83870967741933,312.8045177822252,339.2903225806452,443.48387096774195,295.5967741935484
2007-11-01,484.1666666666667,360.52542275566304,357.71666666666664,360.52542275566304,381.71666666666664,468.93333333333334,354.5
2007-12-01,665.241935483871,504.5806451612903,453.1774193548387,504.5806451612903,498.16129032258067,563.8064516129032,569.6774193548387
2008-01-01,810.6612903225806,640.0645161290323,547.2258064516129,640.0645161290323,608.3870967741935,633.2096774193549,721.6774193548387
2008-02-01,1094.8620689655172,912.0689655172414,740.6724137931035,912.0689655172414,835.9310344827586,784.551724137931,1009.8103448275862
2008-03-01,1155.0967741935483,966.4193548387096,795.8064516129032,966.4193548387096,915.8548387096774,837.5645161290323,1122.8225806451612
2008-04-01,1070.85,872.95,733.7166666666667,872.95,862.9414628581069,809.1333333333333,1085.1
2008-05-01,881.9193548387096,699.258064516129,610.6935483870968,699.258064516129,729.8387096774194,726.8387096774194,941.8870967741935
2008-06-01,649.1166666666667,484.6333333333333,452.4,484.6333333333333,524.5333333333333,587.3666666666667,705.7666666666667
2008-07-01,528.0483870967741,382.96774193548384,375.0806451612903,382.96774193548384,417.43391929334905,499.7258064516129,550.4677419354839
2008-08-01,462.9193548387097,324.83870967741933,333.1290322580645,324.83870967741933,356.9193548387097,453.19354838709677,425.80645161290323
2008-09-01,436.65,306.35629033919776,317.1666666666667,306.35629033919776,337.3,439.43333333333334,329.48333333333335
2008-10-01,457.8518114582179,322.5,333.03225806451616,322.5,361.30645161290323,453.758064516129,328.14516129032256
2008-11-01,530.2333333333333,391.0,379.1,391.0,410.2889742297632,499.3833333333333,426.51666666666665
2008-12-01,875.6612903225806,593.983870967742,514.7096774193549,593.983870967742,577.3387096774194,621.0483870967741,697.2258064516129
2009-01-01,992.0483870967741,716.7096774193549,613.9677419354839,716.7096774193549,717.3227010858523,705.516129032258,870.6451612903226
2009-02-01,1016.0357142857143,750.2678571428571,638.75,750.2678571428571,773.5225308906494,730.6607142857143,927.7857142857143
2009-03-01,1116.225806451613,830.0967741935484,703.6774193548387,830.0967741935484,855.0260566212477,796.6129032258065,1057.6774193548388
2009-04-01,1118.8666666666666,834.4833333333333,706.85,834.4833333333333,858.4370482331681,806.6666666666666,1086.7833333333333
2009-05-01,1030.7096774193549,734.5,652.0967741935484,734.5,786.159463227278,789.0483870967741,1071.3548387096773
2009-06-01,784.2833333333333,522.8,488.7,522.8,581.746732118433,641.2833333333333,827.1666666666666
2009-07-01,550.2314313371073,397.0806451612903,388.7096774193548,397.0806451612903,434.4502319196514,531.516129032258,639.3225806451613
2009-08-01,468.6826729329951,328.1290322580645,340.3225806451613,328.1290322580645,371.10953551246223,471.19354838709677,506.6774193548387
2009-09-01,467.18333333333334,320.26666666666665,332.65,320.26666666666665,364.39636813965524,459.3666666666667,407.0
2009-10-01,478.64516129032256,336.14516129032256,341.8709677419355,336.14516129032256,375.5785571517813,463.14516129032256,349.56451612903226
2009-11-01,563.6666666666666,399.05,379.4,399.05,431.32862617488064,491.7,404.23333333333335
2009-12-01,765.1451612903226,572.1935483870968,490.46774193548384,572.1935483870968,581.7474521561711,579.9516129032259,603.483870967742
2010-01-01,971.6774193548387,772.6451612903226,639.0967741935484,772.6451612903226,763.5381527654406,705.6935483870968,863.6129032258065
2010-02-01,1096.607142857143,904.3928571428571,737.3442940036077,904.3928571428571,880.5131584700586,776.9107142857143,1002.5714285714286
2010-03-01,1029.741935483871,843.4677419354839,702.8870967741935,843.4677419354839,832.1055045279228,761.9032258064516,978.5322580645161
2010-04-01,987.3666666666667,819.7,692.05,819.7,810.7501272155464,771.85,1006.95
2010-05-01,693.3225806451613,565.832810805193,488.30645161290323,565.832810805193,560.2300284828623,622.7741935483871,749.8064516129032
2010-06-01,569.5333333333333,427.6666666666667,410.4,427.6666666666667,458.1542018121925,547.9166666666666,611.7166666666667
2010-07-01,480.2903225806452,349.5483870967742,352.1774193548387,349.5483870967742,384.7187705121986,481.2258064516129,486.0806451612903
2010-08-01,438.9193548387097,306.241935483871,321.80645161290323,306.241935483871,347.61296895482184,444.5806451612903,374.30645161290323
2010-09-01,420.8666666666667,288.28333333333336,311.2,288.28333333333336,333.45833640204626,431.35,277.73333333333335
2010-10-01,420.7096774193548,292.03225806451616,341.7258064516129,292.03225806451616,356.35885588803336,433.30645161290323,261.0806451612903
2010-11-01,509.43333333333334,371.95,362.6333333333333,371.95,402.1073021424319,478.93333333333334,371.55
2010-12-01,626.9690555965716,494.11290322580646,444.88709677419354,494.11290322580646,504.46667979508425,549.0322580645161,534.9032258064516
2011-01-01,809.6897092688173,660.0322580645161,553.4511682783866,660.0322580645161,647.3918965810271,647.6935483870968,748.6451612903226
2011-02-01,992.6115646761037,826.1343139903745,679.5892857142857,826.1343139903745,803.4255201826488,760.875,974.3214285714286
2011-03-01,1041.487563883652,870.516129032258,724.8870967741935,870.516129032258,853.7198459775761,800.758064516129,1053.758064516129
2011-04-01,1031.4666732339558,861.4166666666666,731.7666666666667,861.4166666666666,855.4037541152699,818.3090708677373,1099.8666666666666
2011-05-01,757.4179295600959,612.566907042408,548.0322580645161,612.566907042408,625.528069961797,701.4677419354839,901.8225806451613
2011-06-01,570.1148598146269,442.4864926672345,411.9166666666667,442.4864926672345,460.5957481720491,564.6,667.7
2011-07-01,483.07676285827466,363.4516129032258,358.6290322580645,363.4516129032258,391.3463739575138,496.5,541.4516129032259
2011-08-01,429.71885057758783,315.0,325.6290322580645,315.0,348.64696421601485,452.69354838709677,425.33870967741933
2011-09-01,407.4182983577468,294.75,314.0,294.75,332.4060332892651,440.3,322.03333333333336
2011-10-01,450.0389077177694,333.4516129032258,334.30645161290323,333.4516129032258,362.02178921949,456.98387096774195,326.6774193548387
2011-11-01,572.2221324169669,444.4,413.1043612801198,444.4,462.1963241117844,535.5833333333334,508.31666666666666
2011-12-01,693.3467247686511,554.3870967741935,480.258064516129,554.3870967741935,553.3696348621952,588.8225806451613,629.8870967741935
2012-01-01,944.4521861242005,782.4032258064516,643.1935483870968,782.4032258064516,759.9810434644527,728.0967741935484,911.5967741935484
2012-02-01,1071.3747566800203,897.6551724137931,741.0344827586207,897.6551724137931,875.9030526723755,828.2413793103449,1100.948275862069
2012-03-01,1044.649251096023,873.3870967741935,728.016129032258,873.3870967741935,857.1207968466847,827.741935483871,1117.2903225806451
2012-04-01,969.55,785.9666666666667,659.7291329344308,785.9666666666667,779.3138018243534,762.6166666666667,1014.5833333333334
2012-05-01,773.1451612903226,609.3551417036746,533.7258064516129,609.3551417036746,618.9133400358397,651.4516129032259,762.3717721033878
2012-06-01,632.5833333333334,489.51666666666665,452.78333333333336,489.51666666666665,511.48388915907327,577.8666666666667,709.5666666666667
2012-07-01,525.3709677419355,384.8225806451613,375.241935483871,384.8225806451613,416.777973501836,501.55015615179394,568.4193548387096
2012-08-01,456.0806451612903,322.5954367735859,324.48987287389195,322.5954367735859,355.52230461411943,456.11290322580646,444.88709677419354
2012-09-01,426.01666666666665,311.58595686760975,316.5721277142833,311.58595686760975,340.65901703184437,436.3,319.75
2012-10-01,465.5967741935484,331.46774193548384,330.477351059743,331.46774193548384,363.231367281724,464.0967741935484,337.741935483871
2012-11-01,533.1699517428575,395.48333333333335,373.4810281490272,395.48333333333335,418.41348696385705,485.8666666666667,387.4166666666667
2012-12-01,708.8024601784846,539.258064516129,470.06440695369923,539.258064516129,548.8011577439696,584.7702609851897,617.741935483871
2013-01-01,822.2741935483871,646.3387096774194,541.997843581812,646.3387096774194,641.2248179301806,641.8705018559336,732.7903225806451
2013-02-01,1067.517857142857,894.5357142857143,708.7288478205899,894.5357142857143,850.6460457594741,790.0178571428571,1027.0892857142858
2013-03-01,1075.6089185744638,901.5,713.4072376858552,901.5,856.8493145488563,806.2961968378067,1068.8680978534715
2013-04-01,1102.020848322901,925.4833333333333,729.5184927671597,925.4833333333333,877.8194255464964,820.8858685950183,1110.3179100401717
2013-05-01,935.3225806451613,750.1129032258065,611.7101091738101,750.1129032258065,731.6273678889204,748.241935483871,933.4803786277387
2013-06-01,690.3,529.5,463.5092436519959,529.5,538.1722672506093,605.0,661.8244666776478
2013-07-01,549.741935483871,414.4737620393102,386.06283493233235,414.4737620393102,433.7142134005264,520.3870967741935,510.5552092132268
2013-08-01,471.4032258064516,342.93548387096774,338.1810223118274,342.93548387096774,371.4139367104224,470.35483870967744,419.1965471560988
2013-09-01,450.95,324.43333333333334,325.75185482616246,324.43333333333334,355.2154078843927,458.93333333333334,396.96505192364316
2013-10-01,483.0,349.53225806451616,342.612529403392,349.53225806451616,378.3530053759989,464.6774193548387,418.2277503317994
2013-11-01,657.3166666666667,498.0,442.3485264152579,498.0,511.09117756018384,566.0666666666667,605.9758862533498
2013-12-01,798.8225806451613,625.775896100551,528.3758396784684,625.775896100551,623.1694880761987,618.0967741935484,734.6540938856155
2014-01-01,987.3548387096774,802.3693082070811,646.9055569271193,802.3693082070811,775.8949541715336,727.1935483870968,946.6951194025021
2014-02-01,1082.267857142857,894.9642857142857,709.0167487353754,894.9642857142857,854.8806577856146,794.6785714285714,1067.2728157617337
2014-03-01,1263.5645161290322,1062.3548387096773,821.4644998476518,1062.3548387096773,1000.417613735277,912.3870967741935,1281.604540970736
2014-04-01,1196.75,993.6333333333333,775.2995365666426,993.6333333333333,942.7269253284773,877.3983242784149,1206.2160205242758
2014-05-01,947.4354838709677,768.3064516129032,623.9319673627709,768.3064516129032,745.3932403829216,761.983870967742,957.4088516884927
2014-06-01,714.5666666666667,558.3570233373235,482.86077261964846,558.3570233373235,561.3478255848228,622.8166666666667,696.2506496679574
2014-07-01,572.5806451612904,429.1484053387368,396.00355794473415,429.1484053387368,448.41190085224235,526.9032258064516,526.0531487508158
2014-08-01,492.41121414390244,365.798961376531,353.29314138572556,365.798961376531,390.09423490756285,476.16129032258067,438.8103161555787
2014-09-01,466.8833333333333,336.23333333333335,333.6787266799247,336.23333333333335,366.32724855190037,457.8666666666667,403.49860971972623
2014-10-01,459.6679378967446,330.258064516129,329.6647275099451,330.258064516129,360.9310211902598,458.258064516129,400.07993948928913
2014-11-01,520.4833333333333,396.73280785842894,373.9164309312543,396.73280785842894,415.40459879482285,499.1534764202193,479.37777449662224
2014-12-01,679.2096774193549,560.1436253022667,484.1715350982555,560.1436253022667,552.9018009374897,581.0806451612904,657.5014335192309
2015-01-01,750.6856424976274,597.7949201006788,509.4738758462772,597.7949201006788,593.9429862768172,619.241935483871,717.533984810628
2015-02-01,769.4043297687493,728.8035714285714,597.3951648987269,728.8035714285714,674.4854440457799,689.9821428571429,861.4692426145231
2015-03-01,1021.3984164836996,852.2741935483871,680.3388766994115,852.2741935483871,813.8081487988072,779.483870967742,1025.8749724606228
2015-04-01,998.8693228286575,831.8166666666667,666.5961483912508,831.8166666666667,795.9208683493197,765.6218261087854,1000.153737215895
2015-05-01,927.5424882243291,767.0483870967741,623.0868388709814,767.0483870967741,739.2899575067839,729.0967741935484,925.5426932166129
2015-06-01,660.4699143700493,524.5333333333333,460.17279193953675,524.5333333333333,527.2440535727488,595.3333333333334,648.9520407501756
2015-07-01,573.9351422925835,416.5806125933141,387.51350686284866,416.5806125933141,432.2392080148472,516.1451612903226,507.5531361816048
2015-08-01,460.19893628786025,342.6774193548387,338.00766262120374,342.6774193548387,368.2361855377408,460.2258064516129,409.2944017808757
2015-09-01,429.05809347477765,314.4,319.01177452112734,314.4,343.5114896684799,438.53333333333336,371.3952366740439
2015-10-01,434.12389792965513,319.0,322.1019110064923,319.0,347.5335540432879,450.8320977900268,385.6872062782786
2015-11-01,439.1713480205656,323.5833333333333,325.1808513451712,323.5833333333333,351.54104572108565,454.7347873997899,392.18839131712343
2015-12-01,457.9076011732767,340.5967741935484,336.6099501155514,340.5967741935484,366.4169488464709,465.08449626474874,412.4872019115233
2016-01-01,629.2071038480252,496.14516129032256,441.10250363890094,496.14516129032256,502.4225197814204,559.7085369918758,598.0726618948307
2016-02-01,751.8802944220525,607.5384615384615,515.9330474045498,607.5384615384615,599.8205685901856,627.471915167255,730.9764949172064
2016-03-01,842.6133782740443,689.9285714285714,571.2801527533877,689.9285714285714,671.8593350739947,677.5919148616516,829.2764948556077
2016-04-01,827.0908304619974,675.8333333333334,561.8114115559961,675.8333333333334,659.5349970311049,684.6256254391275,826.9228792058922
2016-05-01,586.7552362212472,457.5967741935484,415.20689985200704,457.5967741935484,468.7172818578896,566.66769435642,580.2592860577716
2016-06-01,494.44301223921394,373.77272727272725,358.89652034310035,373.77272727272725,395.4247355812675,491.46864917232256,457.8170619218006
2016-07-01,428.09198649869927,313.52272727272725,318.4224500728315,313.52272727272725,342.74443588948986,448.61466481037274,380.1850382877743
2016-08-01,217.18339253996135,130.12091316055387,194.16605913637022,130.12091316055387,179.18823441779065,339.0065420819467,162.80080426390586
2016-09-01,90.81365687759352,302.1666666666667,310.7938028535265,302.1666666666667,245.01702523605545,424.96666666666664,340.60862483464
2016-10-01,73.35029275512248,264.1091487388324,284.94912799523684,264.1091487388324,218.14329136334925,439.46774193548384,330.85976988706767
2016-11-01,601.4733549310495,391.74631842134227,370.20363866661285,391.7463184213422,402.8763691355887,489.9166666666667,466.70164887191487
2016-12-01,668.1420385082338,531.5,464.8527812543286,531.5,533.3354409230014,573.9373555757453,633.5100556522781
